<?xml version="1.0" encoding="UTF-8"?>
<export version="E">
  <design>
    <source>D:\!!!__GitHUB_repositories\MustangRadio_develepementVersion\01 Hardware\_02 TDA7418 preamp\TDA7418 preamp.kicad_sch</source>
    <date>22.08.2023 22:25:30</date>
    <tool>Eeschema 7.0.1</tool>
    <sheet number="1" name="/" tstamps="/">
      <title_block>
        <title/>
        <company/>
        <rev/>
        <date/>
        <source>TDA7418 preamp.kicad_sch</source>
        <comment number="1" value=""/>
        <comment number="2" value=""/>
        <comment number="3" value=""/>
        <comment number="4" value=""/>
        <comment number="5" value=""/>
        <comment number="6" value=""/>
        <comment number="7" value=""/>
        <comment number="8" value=""/>
        <comment number="9" value=""/>
      </title_block>
    </sheet>
  </design>
  <components>
    <comp ref="A_Out1">
      <value>Conn_01x04</value>
      <footprint>Connector_Phoenix_MC:PhoenixContact_MCV_1,5_4-G-3.5_1x04_P3.50mm_Vertical</footprint>
      <libsource lib="Connector_Generic" part="Conn_01x04" description="Generic connector, single row, 01x04, script generated (kicad-library-utils/schlib/autogen/connector/)"/>
      <property name="Sheetname" value=""/>
      <property name="Sheetfile" value="TDA7418 preamp.kicad_sch"/>
      <property name="ki_description" value="Generic connector, single row, 01x04, script generated (kicad-library-utils/schlib/autogen/connector/)"/>
      <property name="ki_keywords" value="connector"/>
      <sheetpath names="/" tstamps="/"/>
      <tstamps>73c2a1c9-17ff-4e63-87c6-76213144760f</tstamps>
    </comp>
    <comp ref="C1">
      <value>1uF</value>
      <footprint>Capacitor_SMD:C_0603_1608Metric_Pad1.08x0.95mm_HandSolder</footprint>
      <libsource lib="Device" part="C" description="Unpolarized capacitor"/>
      <property name="TME no." value=""/>
      <property name="Sheetname" value=""/>
      <property name="Sheetfile" value="TDA7418 preamp.kicad_sch"/>
      <property name="ki_description" value="Unpolarized capacitor"/>
      <property name="ki_keywords" value="cap capacitor"/>
      <sheetpath names="/" tstamps="/"/>
      <tstamps>e7df9eab-a0a1-44fc-9e55-d829daab0b48</tstamps>
    </comp>
    <comp ref="C2">
      <value>150nF</value>
      <footprint>Capacitor_SMD:C_0603_1608Metric_Pad1.08x0.95mm_HandSolder</footprint>
      <libsource lib="Device" part="C" description="Unpolarized capacitor"/>
      <property name="TME no." value=""/>
      <property name="Sheetname" value=""/>
      <property name="Sheetfile" value="TDA7418 preamp.kicad_sch"/>
      <property name="ki_description" value="Unpolarized capacitor"/>
      <property name="ki_keywords" value="cap capacitor"/>
      <sheetpath names="/" tstamps="/"/>
      <tstamps>695c1ea8-525e-4c58-974f-c60fb8fdf43e</tstamps>
    </comp>
    <comp ref="C3">
      <value>150nF</value>
      <footprint>Capacitor_SMD:C_0603_1608Metric_Pad1.08x0.95mm_HandSolder</footprint>
      <libsource lib="Device" part="C" description="Unpolarized capacitor"/>
      <property name="TME no." value=""/>
      <property name="Sheetname" value=""/>
      <property name="Sheetfile" value="TDA7418 preamp.kicad_sch"/>
      <property name="ki_description" value="Unpolarized capacitor"/>
      <property name="ki_keywords" value="cap capacitor"/>
      <sheetpath names="/" tstamps="/"/>
      <tstamps>84f7fca8-12b1-4ee9-ba70-dc90a7430acc</tstamps>
    </comp>
    <comp ref="C4">
      <value>150nF</value>
      <footprint>Capacitor_SMD:C_0603_1608Metric_Pad1.08x0.95mm_HandSolder</footprint>
      <libsource lib="Device" part="C" description="Unpolarized capacitor"/>
      <property name="TME no." value=""/>
      <property name="Sheetname" value=""/>
      <property name="Sheetfile" value="TDA7418 preamp.kicad_sch"/>
      <property name="ki_description" value="Unpolarized capacitor"/>
      <property name="ki_keywords" value="cap capacitor"/>
      <sheetpath names="/" tstamps="/"/>
      <tstamps>5f47bcbe-07ae-4271-9bdc-a34f7abf0a6a</tstamps>
    </comp>
    <comp ref="C5">
      <value>150nF</value>
      <footprint>Capacitor_SMD:C_0603_1608Metric_Pad1.08x0.95mm_HandSolder</footprint>
      <libsource lib="Device" part="C" description="Unpolarized capacitor"/>
      <property name="TME no." value=""/>
      <property name="Sheetname" value=""/>
      <property name="Sheetfile" value="TDA7418 preamp.kicad_sch"/>
      <property name="ki_description" value="Unpolarized capacitor"/>
      <property name="ki_keywords" value="cap capacitor"/>
      <sheetpath names="/" tstamps="/"/>
      <tstamps>0ff02e1a-c48b-4fff-95b8-b811c89d2d57</tstamps>
    </comp>
    <comp ref="C6">
      <value>150nF</value>
      <footprint>Capacitor_SMD:C_0603_1608Metric_Pad1.08x0.95mm_HandSolder</footprint>
      <libsource lib="Device" part="C" description="Unpolarized capacitor"/>
      <property name="TME no." value=""/>
      <property name="Sheetname" value=""/>
      <property name="Sheetfile" value="TDA7418 preamp.kicad_sch"/>
      <property name="ki_description" value="Unpolarized capacitor"/>
      <property name="ki_keywords" value="cap capacitor"/>
      <sheetpath names="/" tstamps="/"/>
      <tstamps>82d9036a-779c-480b-a25a-353d92d6512f</tstamps>
    </comp>
    <comp ref="C7">
      <value>150nF</value>
      <footprint>Capacitor_SMD:C_0603_1608Metric_Pad1.08x0.95mm_HandSolder</footprint>
      <libsource lib="Device" part="C" description="Unpolarized capacitor"/>
      <property name="TME no." value=""/>
      <property name="Sheetname" value=""/>
      <property name="Sheetfile" value="TDA7418 preamp.kicad_sch"/>
      <property name="ki_description" value="Unpolarized capacitor"/>
      <property name="ki_keywords" value="cap capacitor"/>
      <sheetpath names="/" tstamps="/"/>
      <tstamps>794fbd3f-3849-4b89-b5ec-3716f5b309ab</tstamps>
    </comp>
    <comp ref="C8">
      <value>150nF</value>
      <footprint>Capacitor_SMD:C_0603_1608Metric_Pad1.08x0.95mm_HandSolder</footprint>
      <libsource lib="Device" part="C" description="Unpolarized capacitor"/>
      <property name="TME no." value=""/>
      <property name="Sheetname" value=""/>
      <property name="Sheetfile" value="TDA7418 preamp.kicad_sch"/>
      <property name="ki_description" value="Unpolarized capacitor"/>
      <property name="ki_keywords" value="cap capacitor"/>
      <sheetpath names="/" tstamps="/"/>
      <tstamps>d58b45cb-f340-4b9a-b64f-04a63c5c13e3</tstamps>
    </comp>
    <comp ref="C16">
      <value>1uF</value>
      <footprint>Capacitor_SMD:C_0603_1608Metric_Pad1.08x0.95mm_HandSolder</footprint>
      <libsource lib="Device" part="C" description="Unpolarized capacitor"/>
      <property name="TME no." value=""/>
      <property name="Sheetname" value=""/>
      <property name="Sheetfile" value="TDA7418 preamp.kicad_sch"/>
      <property name="ki_description" value="Unpolarized capacitor"/>
      <property name="ki_keywords" value="cap capacitor"/>
      <sheetpath names="/" tstamps="/"/>
      <tstamps>00000000-0000-0000-0000-000060c74ecc</tstamps>
    </comp>
    <comp ref="C19">
      <value>22uF</value>
      <footprint>Capacitor_SMD:CP_Elec_5x5.8</footprint>
      <libsource lib="06_mainboard-rescue" part="CP-Device" description=""/>
      <property name="TME no." value=""/>
      <property name="Sheetname" value=""/>
      <property name="Sheetfile" value="TDA7418 preamp.kicad_sch"/>
      <sheetpath names="/" tstamps="/"/>
      <tstamps>00000000-0000-0000-0000-000060c79a75</tstamps>
    </comp>
    <comp ref="C20">
      <value>47uF</value>
      <footprint>Capacitor_SMD:CP_Elec_6.3x5.8</footprint>
      <libsource lib="06_mainboard-rescue" part="CP-Device" description=""/>
      <property name="TME no." value=""/>
      <property name="Sheetname" value=""/>
      <property name="Sheetfile" value="TDA7418 preamp.kicad_sch"/>
      <sheetpath names="/" tstamps="/"/>
      <tstamps>00000000-0000-0000-0000-000060c7ae22</tstamps>
    </comp>
    <comp ref="C21">
      <value>100nF</value>
      <footprint>Capacitor_SMD:C_0603_1608Metric</footprint>
      <libsource lib="Device" part="C" description="Unpolarized capacitor"/>
      <property name="Sheetname" value=""/>
      <property name="Sheetfile" value="TDA7418 preamp.kicad_sch"/>
      <property name="ki_description" value="Unpolarized capacitor"/>
      <property name="ki_keywords" value="cap capacitor"/>
      <sheetpath names="/" tstamps="/"/>
      <tstamps>00000000-0000-0000-0000-000060c7b5b8</tstamps>
    </comp>
    <comp ref="D3">
      <value>ESD5Z5.0T1G</value>
      <footprint>Diode_SMD:D_SOD-523</footprint>
      <datasheet>https://www.tme.eu/Document/71395020f2f7b5f6cf374e0fb9bce274/ESD5Zx-DTE.PDF</datasheet>
      <fields>
        <field name="TME no.">ESD5Z3.3T1G</field>
      </fields>
      <libsource lib="Diode" part="ESD9B3.3ST5G" description="ESD protection diode, 3.3Vrwm, SOD-923"/>
      <property name="TME no." value="ESD5Z3.3T1G"/>
      <property name="Sheetname" value=""/>
      <property name="Sheetfile" value="TDA7418 preamp.kicad_sch"/>
      <property name="ki_description" value="ESD protection diode, 3.3Vrwm, SOD-923"/>
      <property name="ki_keywords" value="diode TVS ESD"/>
      <sheetpath names="/" tstamps="/"/>
      <tstamps>8c24a9f0-a1af-4ad2-973d-3073e7a2b20d</tstamps>
    </comp>
    <comp ref="D4">
      <value>ESD5Z5.0T1G</value>
      <footprint>Diode_SMD:D_SOD-523</footprint>
      <datasheet>https://www.tme.eu/Document/71395020f2f7b5f6cf374e0fb9bce274/ESD5Zx-DTE.PDF</datasheet>
      <fields>
        <field name="TME no.">ESD5Z3.3T1G</field>
      </fields>
      <libsource lib="Diode" part="ESD9B3.3ST5G" description="ESD protection diode, 3.3Vrwm, SOD-923"/>
      <property name="TME no." value="ESD5Z3.3T1G"/>
      <property name="Sheetname" value=""/>
      <property name="Sheetfile" value="TDA7418 preamp.kicad_sch"/>
      <property name="ki_description" value="ESD protection diode, 3.3Vrwm, SOD-923"/>
      <property name="ki_keywords" value="diode TVS ESD"/>
      <sheetpath names="/" tstamps="/"/>
      <tstamps>9292dee5-42f4-46d8-9927-dfb908d03089</tstamps>
    </comp>
    <comp ref="H1">
      <value>MountingHole</value>
      <footprint>MountingHole:MountingHole_3.2mm_M3</footprint>
      <libsource lib="Mechanical" part="MountingHole" description="Mounting Hole without connection"/>
      <property name="Sheetname" value=""/>
      <property name="Sheetfile" value="TDA7418 preamp.kicad_sch"/>
      <property name="ki_description" value="Mounting Hole without connection"/>
      <property name="ki_keywords" value="mounting hole"/>
      <sheetpath names="/" tstamps="/"/>
      <tstamps>21709d6f-7ffa-487b-af07-7611d352f03b</tstamps>
    </comp>
    <comp ref="H2">
      <value>MountingHole</value>
      <footprint>MountingHole:MountingHole_3.2mm_M3</footprint>
      <libsource lib="Mechanical" part="MountingHole" description="Mounting Hole without connection"/>
      <property name="Sheetname" value=""/>
      <property name="Sheetfile" value="TDA7418 preamp.kicad_sch"/>
      <property name="ki_description" value="Mounting Hole without connection"/>
      <property name="ki_keywords" value="mounting hole"/>
      <sheetpath names="/" tstamps="/"/>
      <tstamps>781dd2e2-e7f4-4d97-8292-9119afbca94a</tstamps>
    </comp>
    <comp ref="H3">
      <value>MountingHole</value>
      <footprint>MountingHole:MountingHole_3.2mm_M3</footprint>
      <libsource lib="Mechanical" part="MountingHole" description="Mounting Hole without connection"/>
      <property name="Sheetname" value=""/>
      <property name="Sheetfile" value="TDA7418 preamp.kicad_sch"/>
      <property name="ki_description" value="Mounting Hole without connection"/>
      <property name="ki_keywords" value="mounting hole"/>
      <sheetpath names="/" tstamps="/"/>
      <tstamps>d394359f-e8cf-40e2-88e2-d3d7e1b9bd6d</tstamps>
    </comp>
    <comp ref="H4">
      <value>MountingHole</value>
      <footprint>MountingHole:MountingHole_3.2mm_M3</footprint>
      <libsource lib="Mechanical" part="MountingHole" description="Mounting Hole without connection"/>
      <property name="Sheetname" value=""/>
      <property name="Sheetfile" value="TDA7418 preamp.kicad_sch"/>
      <property name="ki_description" value="Mounting Hole without connection"/>
      <property name="ki_keywords" value="mounting hole"/>
      <sheetpath names="/" tstamps="/"/>
      <tstamps>56efe003-31b2-42d3-8b63-209de860ff36</tstamps>
    </comp>
    <comp ref="I2C1">
      <value>Conn_01x03_Pin</value>
      <footprint>Connector_PinSocket_2.54mm:PinSocket_1x03_P2.54mm_Vertical</footprint>
      <libsource lib="Connector" part="Conn_01x03_Pin" description="Generic connector, single row, 01x03, script generated"/>
      <property name="Sheetname" value=""/>
      <property name="Sheetfile" value="TDA7418 preamp.kicad_sch"/>
      <property name="ki_description" value="Generic connector, single row, 01x03, script generated"/>
      <property name="ki_keywords" value="connector"/>
      <sheetpath names="/" tstamps="/"/>
      <tstamps>0753d55e-5ccd-476f-b574-edd8fdc10462</tstamps>
    </comp>
    <comp ref="I2S1">
      <value>Conn_01x04_Pin</value>
      <footprint>Connector_PinSocket_2.54mm:PinSocket_1x04_P2.54mm_Vertical</footprint>
      <libsource lib="Connector" part="Conn_01x04_Pin" description="Generic connector, single row, 01x04, script generated"/>
      <property name="Sheetname" value=""/>
      <property name="Sheetfile" value="TDA7418 preamp.kicad_sch"/>
      <property name="ki_description" value="Generic connector, single row, 01x04, script generated"/>
      <property name="ki_keywords" value="connector"/>
      <sheetpath names="/" tstamps="/"/>
      <tstamps>b7f1a692-fce4-4c19-a237-b986769fcfb1</tstamps>
    </comp>
    <comp ref="I2S2">
      <value>Conn_01x04_Pin</value>
      <footprint>Connector_PinSocket_2.54mm:PinSocket_1x04_P2.54mm_Vertical</footprint>
      <libsource lib="Connector" part="Conn_01x04_Pin" description="Generic connector, single row, 01x04, script generated"/>
      <property name="Sheetname" value=""/>
      <property name="Sheetfile" value="TDA7418 preamp.kicad_sch"/>
      <property name="ki_description" value="Generic connector, single row, 01x04, script generated"/>
      <property name="ki_keywords" value="connector"/>
      <sheetpath names="/" tstamps="/"/>
      <tstamps>5a844707-657f-477b-bd4f-939a9a478dbb</tstamps>
    </comp>
    <comp ref="I2S3">
      <value>Conn_01x04_Pin</value>
      <footprint>Connector_PinSocket_2.54mm:PinSocket_1x04_P2.54mm_Vertical</footprint>
      <libsource lib="Connector" part="Conn_01x04_Pin" description="Generic connector, single row, 01x04, script generated"/>
      <property name="Sheetname" value=""/>
      <property name="Sheetfile" value="TDA7418 preamp.kicad_sch"/>
      <property name="ki_description" value="Generic connector, single row, 01x04, script generated"/>
      <property name="ki_keywords" value="connector"/>
      <sheetpath names="/" tstamps="/"/>
      <tstamps>62a53b9b-c895-4d3a-b7a8-14c77ff64e8c</tstamps>
    </comp>
    <comp ref="I2S4">
      <value>Conn_01x04_Pin</value>
      <footprint>Connector_PinSocket_2.54mm:PinSocket_1x04_P2.54mm_Vertical</footprint>
      <libsource lib="Connector" part="Conn_01x04_Pin" description="Generic connector, single row, 01x04, script generated"/>
      <property name="Sheetname" value=""/>
      <property name="Sheetfile" value="TDA7418 preamp.kicad_sch"/>
      <property name="ki_description" value="Generic connector, single row, 01x04, script generated"/>
      <property name="ki_keywords" value="connector"/>
      <sheetpath names="/" tstamps="/"/>
      <tstamps>d2cf2184-bdec-4edf-9d82-68846c48a202</tstamps>
    </comp>
    <comp ref="I2S5">
      <value>Conn_01x04_Pin</value>
      <footprint>Connector_PinSocket_2.54mm:PinSocket_1x04_P2.54mm_Vertical</footprint>
      <libsource lib="Connector" part="Conn_01x04_Pin" description="Generic connector, single row, 01x04, script generated"/>
      <property name="Sheetname" value=""/>
      <property name="Sheetfile" value="TDA7418 preamp.kicad_sch"/>
      <property name="ki_description" value="Generic connector, single row, 01x04, script generated"/>
      <property name="ki_keywords" value="connector"/>
      <sheetpath names="/" tstamps="/"/>
      <tstamps>9b12c99c-2404-4df2-8e6b-edb25910a139</tstamps>
    </comp>
    <comp ref="J1">
      <value>AudioIn</value>
      <footprint>Connector_PinHeader_2.54mm:PinHeader_1x03_P2.54mm_Vertical</footprint>
      <libsource lib="Connector" part="Conn_01x03_Pin" description="Generic connector, single row, 01x03, script generated"/>
      <property name="Sheetname" value=""/>
      <property name="Sheetfile" value="TDA7418 preamp.kicad_sch"/>
      <property name="ki_description" value="Generic connector, single row, 01x03, script generated"/>
      <property name="ki_keywords" value="connector"/>
      <sheetpath names="/" tstamps="/"/>
      <tstamps>5a4cfd04-b931-4a46-8008-ceef408476c8</tstamps>
    </comp>
    <comp ref="J2">
      <value>Conn_01x07_Pin</value>
      <footprint>Connector_PinHeader_2.54mm:PinHeader_1x07_P2.54mm_Vertical</footprint>
      <libsource lib="Connector" part="Conn_01x07_Pin" description="Generic connector, single row, 01x07, script generated"/>
      <property name="Sheetname" value=""/>
      <property name="Sheetfile" value="TDA7418 preamp.kicad_sch"/>
      <property name="ki_description" value="Generic connector, single row, 01x07, script generated"/>
      <property name="ki_keywords" value="connector"/>
      <sheetpath names="/" tstamps="/"/>
      <tstamps>b6b0fc1f-c0fb-4cc7-a5a1-aa536ec64ac3</tstamps>
    </comp>
    <comp ref="Power1">
      <value>Conn_01x04_Pin</value>
      <footprint>Connector_PinSocket_2.54mm:PinSocket_1x04_P2.54mm_Vertical</footprint>
      <libsource lib="Connector" part="Conn_01x04_Pin" description="Generic connector, single row, 01x04, script generated"/>
      <property name="Sheetname" value=""/>
      <property name="Sheetfile" value="TDA7418 preamp.kicad_sch"/>
      <property name="ki_description" value="Generic connector, single row, 01x04, script generated"/>
      <property name="ki_keywords" value="connector"/>
      <sheetpath names="/" tstamps="/"/>
      <tstamps>6d68ebd0-7c32-4fd7-a862-72b379a712b1</tstamps>
    </comp>
    <comp ref="R1">
      <value>2k2</value>
      <footprint>Resistor_SMD:R_0603_1608Metric</footprint>
      <libsource lib="Device" part="R" description="Resistor"/>
      <property name="Sheetname" value=""/>
      <property name="Sheetfile" value="TDA7418 preamp.kicad_sch"/>
      <property name="ki_description" value="Resistor"/>
      <property name="ki_keywords" value="R res resistor"/>
      <sheetpath names="/" tstamps="/"/>
      <tstamps>fbd0df89-8c09-46bc-be97-62a52295700e</tstamps>
    </comp>
    <comp ref="R11">
      <value>2k2</value>
      <footprint>Resistor_SMD:R_0603_1608Metric</footprint>
      <libsource lib="Device" part="R" description="Resistor"/>
      <property name="Sheetname" value=""/>
      <property name="Sheetfile" value="TDA7418 preamp.kicad_sch"/>
      <property name="ki_description" value="Resistor"/>
      <property name="ki_keywords" value="R res resistor"/>
      <sheetpath names="/" tstamps="/"/>
      <tstamps>00000000-0000-0000-0000-000060c7f91e</tstamps>
    </comp>
    <comp ref="R12">
      <value>2k2</value>
      <footprint>Resistor_SMD:R_0603_1608Metric</footprint>
      <libsource lib="Device" part="R" description="Resistor"/>
      <property name="Sheetname" value=""/>
      <property name="Sheetfile" value="TDA7418 preamp.kicad_sch"/>
      <property name="ki_description" value="Resistor"/>
      <property name="ki_keywords" value="R res resistor"/>
      <sheetpath names="/" tstamps="/"/>
      <tstamps>00000000-0000-0000-0000-000060c7feb6</tstamps>
    </comp>
    <comp ref="U1">
      <value>~</value>
      <footprint>CJMCU-4344:CJMCU-4344</footprint>
      <libsource lib="CJMCU-4344" part="CJMCU-4344" description=""/>
      <property name="Sheetname" value=""/>
      <property name="Sheetfile" value="TDA7418 preamp.kicad_sch"/>
      <sheetpath names="/" tstamps="/"/>
      <tstamps>1484b9d9-79d7-4ab7-8053-cbe2a011c0ee</tstamps>
    </comp>
    <comp ref="U2">
      <value>~</value>
      <footprint>CJMCU-4344:CJMCU-4344</footprint>
      <libsource lib="CJMCU-4344" part="CJMCU-4344" description=""/>
      <property name="Sheetname" value=""/>
      <property name="Sheetfile" value="TDA7418 preamp.kicad_sch"/>
      <sheetpath names="/" tstamps="/"/>
      <tstamps>b5477d4d-7487-4893-94a2-75ac117b89eb</tstamps>
    </comp>
    <comp ref="U3">
      <value>TDA7418</value>
      <footprint>Package_SO:SO-20_12.8x7.5mm_P1.27mm</footprint>
      <datasheet>https://eu.mouser.com/datasheet/2/389/tda7418-1852175.pdf</datasheet>
      <libsource lib="06_mainboard-rescue" part="TDA7418-TDA7418" description=""/>
      <property name="Sheetname" value=""/>
      <property name="Sheetfile" value="TDA7418 preamp.kicad_sch"/>
      <sheetpath names="/" tstamps="/"/>
      <tstamps>00000000-0000-0000-0000-000060c7410f</tstamps>
    </comp>
    <comp ref="U4">
      <value>~</value>
      <footprint>CJMCU-4344:CJMCU-4344</footprint>
      <libsource lib="CJMCU-4344" part="CJMCU-4344" description=""/>
      <property name="Sheetname" value=""/>
      <property name="Sheetfile" value="TDA7418 preamp.kicad_sch"/>
      <sheetpath names="/" tstamps="/"/>
      <tstamps>9bed0f6e-ae4f-4e6e-bdda-b09a4aa513c4</tstamps>
    </comp>
  </components>
  <libparts>
    <libpart lib="06_mainboard-rescue" part="CP-Device">
      <footprints>
        <fp>CP_*</fp>
      </footprints>
      <fields>
        <field name="Reference">C</field>
        <field name="Value">Device_CP</field>
      </fields>
      <pins>
        <pin num="1" name="" type="passive"/>
        <pin num="2" name="" type="passive"/>
      </pins>
    </libpart>
    <libpart lib="06_mainboard-rescue" part="TDA7418-TDA7418">
      <fields>
        <field name="Reference">U</field>
        <field name="Value">TDA7418_TDA7418</field>
        <field name="Footprint">Package_SO:SO-20_12.8x7.5mm_P1.27mm</field>
      </fields>
      <pins>
        <pin num="1" name="SE3L" type="input"/>
        <pin num="2" name="SE3R" type="input"/>
        <pin num="3" name="SE2L" type="input"/>
        <pin num="4" name="SE2R" type="input"/>
        <pin num="5" name="SE1L" type="input"/>
        <pin num="6" name="SE1R" type="input"/>
        <pin num="7" name="DIFFL/SE4L" type="input"/>
        <pin num="8" name="DIFFG" type="input"/>
        <pin num="9" name="DIFFR/SE4R" type="input"/>
        <pin num="10" name="CREF" type="passive"/>
        <pin num="11" name="GND" type="power_in"/>
        <pin num="12" name="OUTSW" type="output"/>
        <pin num="13" name="OUTRF" type="output"/>
        <pin num="14" name="OUTRR" type="output"/>
        <pin num="15" name="OUTLR" type="output"/>
        <pin num="16" name="OUTLF" type="output"/>
        <pin num="17" name="MUTE/MUX" type="bidirectional"/>
        <pin num="18" name="SCL" type="bidirectional"/>
        <pin num="19" name="SDA" type="bidirectional"/>
        <pin num="20" name="VDD" type="power_in"/>
      </pins>
    </libpart>
    <libpart lib="CJMCU-4344" part="CJMCU-4344">
      <fields>
        <field name="Reference">U</field>
        <field name="Footprint">Connector_PinHeader_2.54mm:PinHeader_2x06_P2.54mm_Vertical</field>
      </fields>
      <pins>
        <pin num="1" name="Audio_GND" type="input"/>
        <pin num="2" name="VCC" type="power_in"/>
        <pin num="3" name="Audio_Right" type="output"/>
        <pin num="4" name="GND" type="power_in"/>
        <pin num="5" name="Audio_Left" type="output"/>
        <pin num="6" name="MCLK" type="input"/>
        <pin num="7" name="" type="no_connect"/>
        <pin num="8" name="LRCLK" type="input"/>
        <pin num="9" name="Audio_GND" type="input"/>
        <pin num="10" name="SCLK" type="input"/>
        <pin num="11" name="" type="no_connect"/>
        <pin num="12" name="SDIN" type="input"/>
      </pins>
    </libpart>
    <libpart lib="Connector" part="Conn_01x03_Pin">
      <description>Generic connector, single row, 01x03, script generated</description>
      <docs>~</docs>
      <footprints>
        <fp>Connector*:*_1x??_*</fp>
      </footprints>
      <fields>
        <field name="Reference">J</field>
        <field name="Value">Conn_01x03_Pin</field>
        <field name="Datasheet">~</field>
      </fields>
      <pins>
        <pin num="1" name="Pin_1" type="passive"/>
        <pin num="2" name="Pin_2" type="passive"/>
        <pin num="3" name="Pin_3" type="passive"/>
      </pins>
    </libpart>
    <libpart lib="Connector" part="Conn_01x04_Pin">
      <description>Generic connector, single row, 01x04, script generated</description>
      <docs>~</docs>
      <footprints>
        <fp>Connector*:*_1x??_*</fp>
      </footprints>
      <fields>
        <field name="Reference">J</field>
        <field name="Value">Conn_01x04_Pin</field>
        <field name="Datasheet">~</field>
      </fields>
      <pins>
        <pin num="1" name="Pin_1" type="passive"/>
        <pin num="2" name="Pin_2" type="passive"/>
        <pin num="3" name="Pin_3" type="passive"/>
        <pin num="4" name="Pin_4" type="passive"/>
      </pins>
    </libpart>
    <libpart lib="Connector" part="Conn_01x07_Pin">
      <description>Generic connector, single row, 01x07, script generated</description>
      <docs>~</docs>
      <footprints>
        <fp>Connector*:*_1x??_*</fp>
      </footprints>
      <fields>
        <field name="Reference">J</field>
        <field name="Value">Conn_01x07_Pin</field>
        <field name="Datasheet">~</field>
      </fields>
      <pins>
        <pin num="1" name="Pin_1" type="passive"/>
        <pin num="2" name="Pin_2" type="passive"/>
        <pin num="3" name="Pin_3" type="passive"/>
        <pin num="4" name="Pin_4" type="passive"/>
        <pin num="5" name="Pin_5" type="passive"/>
        <pin num="6" name="Pin_6" type="passive"/>
        <pin num="7" name="Pin_7" type="passive"/>
      </pins>
    </libpart>
    <libpart lib="Connector_Generic" part="Conn_01x04">
      <description>Generic connector, single row, 01x04, script generated (kicad-library-utils/schlib/autogen/connector/)</description>
      <docs>~</docs>
      <footprints>
        <fp>Connector*:*_1x??_*</fp>
      </footprints>
      <fields>
        <field name="Reference">J</field>
        <field name="Value">Conn_01x04</field>
        <field name="Datasheet">~</field>
      </fields>
      <pins>
        <pin num="1" name="Pin_1" type="passive"/>
        <pin num="2" name="Pin_2" type="passive"/>
        <pin num="3" name="Pin_3" type="passive"/>
        <pin num="4" name="Pin_4" type="passive"/>
      </pins>
    </libpart>
    <libpart lib="Device" part="C">
      <description>Unpolarized capacitor</description>
      <docs>~</docs>
      <footprints>
        <fp>C_*</fp>
      </footprints>
      <fields>
        <field name="Reference">C</field>
        <field name="Value">C</field>
        <field name="Datasheet">~</field>
      </fields>
      <pins>
        <pin num="1" name="" type="passive"/>
        <pin num="2" name="" type="passive"/>
      </pins>
    </libpart>
    <libpart lib="Device" part="R">
      <description>Resistor</description>
      <docs>~</docs>
      <footprints>
        <fp>R_*</fp>
      </footprints>
      <fields>
        <field name="Reference">R</field>
        <field name="Value">R</field>
        <field name="Datasheet">~</field>
      </fields>
      <pins>
        <pin num="1" name="" type="passive"/>
        <pin num="2" name="" type="passive"/>
      </pins>
    </libpart>
    <libpart lib="Diode" part="ESD9B3.3ST5G">
      <description>ESD protection diode, 3.3Vrwm, SOD-923</description>
      <docs>https://www.onsemi.com/pub/Collateral/ESD9B-D.PDF</docs>
      <footprints>
        <fp>D*SOD?923*</fp>
      </footprints>
      <fields>
        <field name="Reference">D</field>
        <field name="Value">ESD9B3.3ST5G</field>
        <field name="Footprint">Diode_SMD:D_SOD-923</field>
        <field name="Datasheet">https://www.onsemi.com/pub/Collateral/ESD9B-D.PDF</field>
      </fields>
      <pins>
        <pin num="1" name="A1" type="passive"/>
        <pin num="2" name="A2" type="passive"/>
      </pins>
    </libpart>
    <libpart lib="Mechanical" part="MountingHole">
      <description>Mounting Hole without connection</description>
      <docs>~</docs>
      <footprints>
        <fp>MountingHole*</fp>
      </footprints>
      <fields>
        <field name="Reference">H</field>
        <field name="Value">MountingHole</field>
        <field name="Datasheet">~</field>
      </fields>
    </libpart>
  </libparts>
  <libraries>
    <library logical="CJMCU-4344">
      <uri>D:\!!!__GitHUB_repositories\MustangRadio_develepementVersion\01 Hardware\_02 TDA7418 preamp/SymbolFootprint3D/CJMCU-4344.kicad_sym</uri>
    </library>
    <library logical="Connector">
      <uri>C:\Program Files\KiCad\7.0\share\kicad\symbols\/Connector.kicad_sym</uri>
    </library>
    <library logical="Connector_Generic">
      <uri>C:\Program Files\KiCad\7.0\share\kicad\symbols\/Connector_Generic.kicad_sym</uri>
    </library>
    <library logical="Device">
      <uri>C:\Program Files\KiCad\7.0\share\kicad\symbols\/Device.kicad_sym</uri>
    </library>
    <library logical="Diode">
      <uri>C:\Program Files\KiCad\7.0\share\kicad\symbols\/Diode.kicad_sym</uri>
    </library>
    <library logical="Mechanical">
      <uri>C:\Program Files\KiCad\7.0\share\kicad\symbols\/Mechanical.kicad_sym</uri>
    </library>
  </libraries>
  <nets>
    <net code="1" name="+5V">
      <node ref="Power1" pin="3" pinfunction="Pin_3" pintype="passive"/>
      <node ref="U1" pin="2" pinfunction="VCC" pintype="power_in"/>
      <node ref="U2" pin="2" pinfunction="VCC" pintype="power_in"/>
      <node ref="U4" pin="2" pinfunction="VCC" pintype="power_in"/>
    </net>
    <net code="2" name="/9V0A">
      <node ref="C20" pin="1" pintype="passive"/>
      <node ref="C21" pin="1" pintype="passive"/>
      <node ref="Power1" pin="4" pinfunction="Pin_4" pintype="passive"/>
      <node ref="U3" pin="20" pinfunction="VDD" pintype="power_in"/>
    </net>
    <net code="3" name="/Aux_L">
      <node ref="D3" pin="1" pinfunction="A1" pintype="passive"/>
      <node ref="J1" pin="3" pinfunction="Pin_3" pintype="passive"/>
      <node ref="R11" pin="2" pintype="passive"/>
    </net>
    <net code="4" name="/Aux_R">
      <node ref="D4" pin="1" pinfunction="A1" pintype="passive"/>
      <node ref="J1" pin="2" pinfunction="Pin_2" pintype="passive"/>
      <node ref="R12" pin="2" pintype="passive"/>
    </net>
    <net code="5" name="/I2C_SCL">
      <node ref="I2C1" pin="1" pinfunction="Pin_1" pintype="passive"/>
      <node ref="U3" pin="18" pinfunction="SCL" pintype="bidirectional"/>
    </net>
    <net code="6" name="/I2C_SDC">
      <node ref="I2C1" pin="2" pinfunction="Pin_2" pintype="passive"/>
      <node ref="U3" pin="19" pinfunction="SDA" pintype="bidirectional"/>
    </net>
    <net code="7" name="/MP3_audio_L">
      <node ref="C4" pin="2" pintype="passive"/>
      <node ref="J2" pin="1" pinfunction="Pin_1" pintype="passive"/>
      <node ref="U2" pin="5" pinfunction="Audio_Left" pintype="output"/>
    </net>
    <net code="8" name="/MP3_audio_R">
      <node ref="C5" pin="2" pintype="passive"/>
      <node ref="J2" pin="2" pinfunction="Pin_2" pintype="passive"/>
      <node ref="U2" pin="3" pinfunction="Audio_Right" pintype="output"/>
    </net>
    <net code="9" name="/MutePin">
      <node ref="I2C1" pin="3" pinfunction="Pin_3" pintype="passive"/>
      <node ref="R1" pin="1" pintype="passive"/>
    </net>
    <net code="10" name="/OUT_LF">
      <node ref="A_Out1" pin="1" pinfunction="Pin_1" pintype="passive"/>
      <node ref="U3" pin="16" pinfunction="OUTLF" pintype="output"/>
    </net>
    <net code="11" name="/OUT_LR">
      <node ref="A_Out1" pin="3" pinfunction="Pin_3" pintype="passive"/>
      <node ref="U3" pin="15" pinfunction="OUTLR" pintype="output"/>
    </net>
    <net code="12" name="/OUT_RF">
      <node ref="A_Out1" pin="2" pinfunction="Pin_2" pintype="passive"/>
      <node ref="U3" pin="13" pinfunction="OUTRF" pintype="output"/>
    </net>
    <net code="13" name="/OUT_RR">
      <node ref="A_Out1" pin="4" pinfunction="Pin_4" pintype="passive"/>
      <node ref="U3" pin="14" pinfunction="OUTRR" pintype="output"/>
    </net>
    <net code="14" name="/Si468x_audio_L">
      <node ref="C1" pin="2" pintype="passive"/>
      <node ref="J2" pin="4" pinfunction="Pin_4" pintype="passive"/>
      <node ref="U1" pin="5" pinfunction="Audio_Left" pintype="output"/>
    </net>
    <net code="15" name="/Si468x_audio_R">
      <node ref="C16" pin="2" pintype="passive"/>
      <node ref="J2" pin="3" pinfunction="Pin_3" pintype="passive"/>
      <node ref="U1" pin="3" pinfunction="Audio_Right" pintype="output"/>
    </net>
    <net code="16" name="/XS3686_audio_DIFFL">
      <node ref="C6" pin="2" pintype="passive"/>
      <node ref="J2" pin="5" pinfunction="Pin_5" pintype="passive"/>
      <node ref="U4" pin="5" pinfunction="Audio_Left" pintype="output"/>
    </net>
    <net code="17" name="/XS3686_audio_DIFFM">
      <node ref="C7" pin="2" pintype="passive"/>
      <node ref="J2" pin="6" pinfunction="Pin_6" pintype="passive"/>
    </net>
    <net code="18" name="/XS3686_audio_DIFFR">
      <node ref="C8" pin="2" pintype="passive"/>
      <node ref="J2" pin="7" pinfunction="Pin_7" pintype="passive"/>
      <node ref="U4" pin="3" pinfunction="Audio_Right" pintype="output"/>
    </net>
    <net code="19" name="GNDA">
      <node ref="C19" pin="2" pintype="passive"/>
      <node ref="D3" pin="2" pinfunction="A2" pintype="passive"/>
      <node ref="D4" pin="2" pinfunction="A2" pintype="passive"/>
      <node ref="J1" pin="1" pinfunction="Pin_1" pintype="passive"/>
      <node ref="Power1" pin="2" pinfunction="Pin_2" pintype="passive"/>
    </net>
    <net code="20" name="GNDD">
      <node ref="C20" pin="2" pintype="passive"/>
      <node ref="C21" pin="2" pintype="passive"/>
      <node ref="Power1" pin="1" pinfunction="Pin_1" pintype="passive"/>
      <node ref="U1" pin="4" pinfunction="GND" pintype="power_in"/>
      <node ref="U2" pin="4" pinfunction="GND" pintype="power_in"/>
      <node ref="U3" pin="11" pinfunction="GND" pintype="power_in"/>
      <node ref="U4" pin="4" pinfunction="GND" pintype="power_in"/>
    </net>
    <net code="21" name="Net-(C2-Pad2)">
      <node ref="C2" pin="2" pintype="passive"/>
      <node ref="R11" pin="1" pintype="passive"/>
    </net>
    <net code="22" name="Net-(C3-Pad2)">
      <node ref="C3" pin="2" pintype="passive"/>
      <node ref="R12" pin="1" pintype="passive"/>
    </net>
    <net code="23" name="Net-(I2S1-Pin_1)">
      <node ref="I2S1" pin="1" pinfunction="Pin_1" pintype="passive"/>
      <node ref="U2" pin="12" pinfunction="SDIN" pintype="input"/>
    </net>
    <net code="24" name="Net-(I2S1-Pin_2)">
      <node ref="I2S1" pin="2" pinfunction="Pin_2" pintype="passive"/>
      <node ref="U2" pin="10" pinfunction="SCLK" pintype="input"/>
    </net>
    <net code="25" name="Net-(I2S1-Pin_3)">
      <node ref="I2S1" pin="3" pinfunction="Pin_3" pintype="passive"/>
      <node ref="U2" pin="8" pinfunction="LRCLK" pintype="input"/>
    </net>
    <net code="26" name="Net-(I2S1-Pin_4)">
      <node ref="I2S1" pin="4" pinfunction="Pin_4" pintype="passive"/>
      <node ref="U2" pin="6" pinfunction="MCLK" pintype="input"/>
    </net>
    <net code="27" name="Net-(I2S2-Pin_1)">
      <node ref="I2S2" pin="1" pinfunction="Pin_1" pintype="passive"/>
      <node ref="U4" pin="12" pinfunction="SDIN" pintype="input"/>
    </net>
    <net code="28" name="Net-(I2S2-Pin_2)">
      <node ref="I2S2" pin="2" pinfunction="Pin_2" pintype="passive"/>
      <node ref="U4" pin="10" pinfunction="SCLK" pintype="input"/>
    </net>
    <net code="29" name="Net-(I2S2-Pin_3)">
      <node ref="I2S2" pin="3" pinfunction="Pin_3" pintype="passive"/>
      <node ref="U4" pin="8" pinfunction="LRCLK" pintype="input"/>
    </net>
    <net code="30" name="Net-(I2S2-Pin_4)">
      <node ref="I2S2" pin="4" pinfunction="Pin_4" pintype="passive"/>
      <node ref="U4" pin="6" pinfunction="MCLK" pintype="input"/>
    </net>
    <net code="31" name="Net-(I2S3-Pin_1)">
      <node ref="I2S3" pin="1" pinfunction="Pin_1" pintype="passive"/>
      <node ref="I2S4" pin="1" pinfunction="Pin_1" pintype="passive"/>
      <node ref="I2S5" pin="1" pinfunction="Pin_1" pintype="passive"/>
      <node ref="U1" pin="12" pinfunction="SDIN" pintype="input"/>
    </net>
    <net code="32" name="Net-(I2S3-Pin_2)">
      <node ref="I2S3" pin="2" pinfunction="Pin_2" pintype="passive"/>
      <node ref="I2S4" pin="2" pinfunction="Pin_2" pintype="passive"/>
      <node ref="I2S5" pin="2" pinfunction="Pin_2" pintype="passive"/>
      <node ref="U1" pin="10" pinfunction="SCLK" pintype="input"/>
    </net>
    <net code="33" name="Net-(I2S3-Pin_3)">
      <node ref="I2S3" pin="3" pinfunction="Pin_3" pintype="passive"/>
      <node ref="I2S4" pin="3" pinfunction="Pin_3" pintype="passive"/>
      <node ref="I2S5" pin="3" pinfunction="Pin_3" pintype="passive"/>
      <node ref="U1" pin="8" pinfunction="LRCLK" pintype="input"/>
    </net>
    <net code="34" name="Net-(I2S3-Pin_4)">
      <node ref="I2S3" pin="4" pinfunction="Pin_4" pintype="passive"/>
      <node ref="I2S4" pin="4" pinfunction="Pin_4" pintype="passive"/>
      <node ref="I2S5" pin="4" pinfunction="Pin_4" pintype="passive"/>
      <node ref="U1" pin="6" pinfunction="MCLK" pintype="input"/>
    </net>
    <net code="35" name="Net-(U3-CREF)">
      <node ref="C19" pin="1" pintype="passive"/>
      <node ref="U3" pin="10" pinfunction="CREF" pintype="passive"/>
    </net>
    <net code="36" name="Net-(U3-DIFFG)">
      <node ref="C7" pin="1" pintype="passive"/>
      <node ref="U3" pin="8" pinfunction="DIFFG" pintype="input"/>
    </net>
    <net code="37" name="Net-(U3-DIFFL{slash}SE4L)">
      <node ref="C6" pin="1" pintype="passive"/>
      <node ref="U3" pin="7" pinfunction="DIFFL/SE4L" pintype="input"/>
    </net>
    <net code="38" name="Net-(U3-DIFFR{slash}SE4R)">
      <node ref="C8" pin="1" pintype="passive"/>
      <node ref="U3" pin="9" pinfunction="DIFFR/SE4R" pintype="input"/>
    </net>
    <net code="39" name="Net-(U3-MUTE{slash}MUX)">
      <node ref="R1" pin="2" pintype="passive"/>
      <node ref="U3" pin="17" pinfunction="MUTE/MUX" pintype="bidirectional"/>
    </net>
    <net code="40" name="Net-(U3-SE1L)">
      <node ref="C16" pin="1" pintype="passive"/>
      <node ref="U3" pin="5" pinfunction="SE1L" pintype="input"/>
    </net>
    <net code="41" name="Net-(U3-SE1R)">
      <node ref="C1" pin="1" pintype="passive"/>
      <node ref="U3" pin="6" pinfunction="SE1R" pintype="input"/>
    </net>
    <net code="42" name="Net-(U3-SE2L)">
      <node ref="C2" pin="1" pintype="passive"/>
      <node ref="U3" pin="3" pinfunction="SE2L" pintype="input"/>
    </net>
    <net code="43" name="Net-(U3-SE2R)">
      <node ref="C3" pin="1" pintype="passive"/>
      <node ref="U3" pin="4" pinfunction="SE2R" pintype="input"/>
    </net>
    <net code="44" name="Net-(U3-SE3L)">
      <node ref="C4" pin="1" pintype="passive"/>
      <node ref="U3" pin="1" pinfunction="SE3L" pintype="input"/>
    </net>
    <net code="45" name="Net-(U3-SE3R)">
      <node ref="C5" pin="1" pintype="passive"/>
      <node ref="U3" pin="2" pinfunction="SE3R" pintype="input"/>
    </net>
    <net code="46" name="unconnected-(U1-Audio_GND-Pad1)">
      <node ref="U1" pin="1" pinfunction="Audio_GND" pintype="input+no_connect"/>
    </net>
    <net code="47" name="unconnected-(U1-Audio_GND-Pad9)">
      <node ref="U1" pin="9" pinfunction="Audio_GND" pintype="input+no_connect"/>
    </net>
    <net code="48" name="unconnected-(U1-Pad7)">
      <node ref="U1" pin="7" pintype="no_connect"/>
    </net>
    <net code="49" name="unconnected-(U1-Pad11)">
      <node ref="U1" pin="11" pintype="no_connect"/>
    </net>
    <net code="50" name="unconnected-(U2-Audio_GND-Pad1)">
      <node ref="U2" pin="1" pinfunction="Audio_GND" pintype="input+no_connect"/>
    </net>
    <net code="51" name="unconnected-(U2-Audio_GND-Pad9)">
      <node ref="U2" pin="9" pinfunction="Audio_GND" pintype="input+no_connect"/>
    </net>
    <net code="52" name="unconnected-(U2-Pad7)">
      <node ref="U2" pin="7" pintype="no_connect"/>
    </net>
    <net code="53" name="unconnected-(U2-Pad11)">
      <node ref="U2" pin="11" pintype="no_connect"/>
    </net>
    <net code="54" name="unconnected-(U3-OUTSW-Pad12)">
      <node ref="U3" pin="12" pinfunction="OUTSW" pintype="output+no_connect"/>
    </net>
    <net code="55" name="unconnected-(U4-Audio_GND-Pad1)">
      <node ref="U4" pin="1" pinfunction="Audio_GND" pintype="input+no_connect"/>
    </net>
    <net code="56" name="unconnected-(U4-Audio_GND-Pad9)">
      <node ref="U4" pin="9" pinfunction="Audio_GND" pintype="input+no_connect"/>
    </net>
    <net code="57" name="unconnected-(U4-Pad7)">
      <node ref="U4" pin="7" pintype="no_connect"/>
    </net>
    <net code="58" name="unconnected-(U4-Pad11)">
      <node ref="U4" pin="11" pintype="no_connect"/>
    </net>
  </nets>
</export>
