<?xml version="1.0" encoding="UTF-8"?>
<configurationDescriptor version="62">
  <logicalFolder name="root" displayName="root" projectFiles="true">
    <logicalFolder name="HeaderFiles"
                   displayName="Header Files"
                   projectFiles="true">
      <logicalFolder name="f3" displayName="Common" projectFiles="true">
        <itemPath>../../../../Microchip/Include/Compiler.h</itemPath>
        <itemPath>../../../../Microchip/Include/GenericTypeDefs.h</itemPath>
      </logicalFolder>
      <logicalFolder name="f2" displayName="Hardware Profile" projectFiles="true">
        <itemPath>../HardwareProfile - Low Pin Count USB Development Kit.h</itemPath>
        <itemPath>../HardwareProfile - PIC18F46J50 PIM.h</itemPath>
        <itemPath>../HardwareProfile - PIC18F47J53 PIM.h</itemPath>
        <itemPath>../HardwareProfile - PIC18F87J50 PIM.h</itemPath>
        <itemPath>../HardwareProfile - PIC24FJ256DA210 Development Board.h</itemPath>
        <itemPath>../HardwareProfile - PIC24FJ256GB110 PIM.h</itemPath>
        <itemPath>../HardwareProfile - PIC24FJ256GB210 PIM.h</itemPath>
        <itemPath>../HardwareProfile - PIC24FJ64GB004 PIM.h</itemPath>
        <itemPath>../HardwareProfile - PIC32MX460F512L PIM.h</itemPath>
        <itemPath>../HardwareProfile - PIC32MX795F512L PIM.h</itemPath>
        <itemPath>../HardwareProfile - PICDEM FSUSB.h</itemPath>
        <itemPath>../HardwareProfile - dsPIC33EP512MU810 PIM.h</itemPath>
      </logicalFolder>
      <logicalFolder name="f1" displayName="USB" projectFiles="true">
        <itemPath>../../../../Microchip/Include/USB/usb.h</itemPath>
        <itemPath>../../../../Microchip/Include/USB/usb_ch9.h</itemPath>
        <itemPath>../../../../Microchip/Include/USB/usb_common.h</itemPath>
        <itemPath>../../../../Microchip/Include/USB/usb_device.h</itemPath>
        <itemPath>../../../../Microchip/USB/usb_device_local.h</itemPath>
        <itemPath>../../../../Microchip/Include/USB/usb_function_cdc.h</itemPath>
        <itemPath>../../../../Microchip/Include/USB/usb_hal.h</itemPath>
        <itemPath>../../../../Microchip/Include/USB/usb_hal_dspic33E.h</itemPath>
        <itemPath>../../../../Microchip/USB/usb_hal_local.h</itemPath>
        <itemPath>../../../../Microchip/Include/USB/usb_hal_pic18.h</itemPath>
        <itemPath>../../../../Microchip/Include/USB/usb_hal_pic24.h</itemPath>
        <itemPath>../../../../Microchip/Include/USB/usb_hal_pic24E.h</itemPath>
        <itemPath>../../../../Microchip/Include/USB/usb_hal_pic32.h</itemPath>
      </logicalFolder>
      <itemPath>../HardwareProfile.h</itemPath>
      <itemPath>../usb_config.h</itemPath>
    </logicalFolder>
    <logicalFolder name="LibraryFiles"
                   displayName="Library Files"
                   projectFiles="true">
    </logicalFolder>
    <logicalFolder name="LinkerScript"
                   displayName="Linker Files"
                   projectFiles="true">
      <itemPath>../rm18F14K50.lkr</itemPath>
      <itemPath>../rm18f4550 - HID Bootload.lkr</itemPath>
      <itemPath>../rm18f46j50_g.lkr</itemPath>
      <itemPath>../rm18f47j53_g.lkr</itemPath>
      <itemPath>../rm18f87j50.lkr</itemPath>
    </logicalFolder>
    <logicalFolder name="ObjectFiles"
                   displayName="Object Files"
                   projectFiles="true">
    </logicalFolder>
    <logicalFolder name="SourceFiles"
                   displayName="Source Files"
                   projectFiles="true">
      <logicalFolder name="f2" displayName="Common" projectFiles="true">
        <itemPath>../../../../Microchip/Common/uart2.c</itemPath>
      </logicalFolder>
      <logicalFolder name="f1" displayName="USB" projectFiles="true">
        <itemPath>../../../../Microchip/USB/usb_device.c</itemPath>
        <itemPath>../../../../Microchip/USB/CDC Device Driver/usb_function_cdc.c</itemPath>
        <itemPath>../../../../Microchip/USB/usb_hal_pic24.c</itemPath>
      </logicalFolder>
      <itemPath>../main.c</itemPath>
      <itemPath>../usb_descriptors.c</itemPath>
    </logicalFolder>
    <logicalFolder name="ExternalFiles"
                   displayName="Important Files"
                   projectFiles="false">
      <itemPath>Makefile</itemPath>
    </logicalFolder>
  </logicalFolder>
  <projectmakefile>Makefile</projectmakefile>
  <confs>
    <conf name="Low_Pin_Count_USB_Development_Board" type="2">
      <toolsSet>
        <developmentServer>localhost</developmentServer>
        <targetDevice>PIC18F14K50</targetDevice>
        <targetHeader></targetHeader>
        <platformTool>RealICEPlatformTool</platformTool>
        <languageToolchain>C18</languageToolchain>
        <languageToolchainVersion></languageToolchainVersion>
        <platform>3</platform>
      </toolsSet>
      <compileType>
        <linkerTool>
          <linkerLibItems>
          </linkerLibItems>
        </linkerTool>
      </compileType>
      <item path="../../../../Microchip/Common/uart2.c" ex="true" overriding="false">
        <C18>
        </C18>
        <C18-AS>
        </C18-AS>
        <C18-LD>
        </C18-LD>
        <C18LanguageToolchain>
        </C18LanguageToolchain>
      </item>
      <item path="../rm18f4550 - HID Bootload.lkr" ex="true" overriding="false">
        <C18>
        </C18>
        <C18-AS>
        </C18-AS>
        <C18-LD>
        </C18-LD>
        <C18LanguageToolchain>
        </C18LanguageToolchain>
      </item>
      <item path="../rm18f46j50_g.lkr" ex="true" overriding="false">
        <C18>
        </C18>
        <C18-AS>
        </C18-AS>
        <C18-LD>
        </C18-LD>
        <C18LanguageToolchain>
        </C18LanguageToolchain>
      </item>
      <item path="../rm18f47j53_g.lkr" ex="true" overriding="false">
        <C18>
        </C18>
        <C18-AS>
        </C18-AS>
        <C18-LD>
        </C18-LD>
        <C18LanguageToolchain>
        </C18LanguageToolchain>
      </item>
      <item path="../rm18f87j50.lkr" ex="true" overriding="false">
        <C18>
        </C18>
        <C18-AS>
        </C18-AS>
        <C18-LD>
        </C18-LD>
        <C18LanguageToolchain>
        </C18LanguageToolchain>
      </item>
      <C18>
        <property key="storage-class" value="sca"/>
        <property key="enable-opa" value="true"/>
        <property key="enable-all-optimizations" value="true"/>
        <property key="preprocessor-macros" value=""/>
        <property key="default-char-unsigned" value="false"/>
        <property key="optimization-master" value="Enable all"/>
        <property key="code-model" value="ms"/>
        <property key="warning-level" value="2"/>
        <property key="extra-include-directories"
                  value="..;../../../../Microchip/Include"/>
        <property key="enable-ow" value="true"/>
        <property key="verbose" value="false"/>
        <property key="enable-ou" value="true"/>
        <property key="enable-ot" value="true"/>
        <property key="enable-os" value="true"/>
        <property key="data-model" value="oa-"/>
        <property key="enable-or" value="true"/>
        <property key="enable-op" value="true"/>
        <property key="enable-on" value="true"/>
        <property key="enable-om" value="true"/>
        <property key="procedural-abstraction-passes" value="0"/>
        <property key="enable-multi-bank-stack-model" value="false"/>
        <property key="enable-int-promotion" value="false"/>
        <property key="enable-od" value="true"/>
        <property key="enable-ob" value="true"/>
      </C18>
      <C18-AS>
      </C18-AS>
      <C18-LD>
        <property key="hex-output-format" value="INHX32"/>
        <property key="map-file" value=""/>
        <property key="extra-lib-directories" value=""/>
      </C18-LD>
      <C18LanguageToolchain>
      </C18LanguageToolchain>
      <RealICEPlatformTool>
      </RealICEPlatformTool>
    </conf>
    <conf name="PICDEM_FSUSB" type="2">
      <toolsSet>
        <developmentServer>localhost</developmentServer>
        <targetDevice>PIC18F4550</targetDevice>
        <targetHeader></targetHeader>
        <platformTool>RealICEPlatformTool</platformTool>
        <languageToolchain>C18</languageToolchain>
        <languageToolchainVersion></languageToolchainVersion>
        <platform>3</platform>
      </toolsSet>
      <compileType>
        <linkerTool>
          <linkerLibItems>
          </linkerLibItems>
        </linkerTool>
      </compileType>
      <item path="../../../../Microchip/Common/uart2.c" ex="true" overriding="false">
        <C18>
        </C18>
        <C18-AS>
        </C18-AS>
        <C18-LD>
        </C18-LD>
        <C18LanguageToolchain>
        </C18LanguageToolchain>
      </item>
      <item path="../rm18F14K50.lkr" ex="true" overriding="false">
        <C18>
        </C18>
        <C18-AS>
        </C18-AS>
        <C18-LD>
        </C18-LD>
        <C18LanguageToolchain>
        </C18LanguageToolchain>
      </item>
      <item path="../rm18f46j50_g.lkr" ex="true" overriding="false">
        <C18>
        </C18>
        <C18-AS>
        </C18-AS>
        <C18-LD>
        </C18-LD>
        <C18LanguageToolchain>
        </C18LanguageToolchain>
      </item>
      <item path="../rm18f47j53_g.lkr" ex="true" overriding="false">
        <C18>
        </C18>
        <C18-AS>
        </C18-AS>
        <C18-LD>
        </C18-LD>
        <C18LanguageToolchain>
        </C18LanguageToolchain>
      </item>
      <item path="../rm18f87j50.lkr" ex="true" overriding="false">
        <C18>
        </C18>
        <C18-AS>
        </C18-AS>
        <C18-LD>
        </C18-LD>
        <C18LanguageToolchain>
        </C18LanguageToolchain>
      </item>
      <C18>
        <property key="storage-class" value="sca"/>
        <property key="enable-opa" value="true"/>
        <property key="enable-all-optimizations" value="true"/>
        <property key="preprocessor-macros" value=""/>
        <property key="default-char-unsigned" value="false"/>
        <property key="optimization-master" value="Enable all"/>
        <property key="code-model" value="ms"/>
        <property key="warning-level" value="2"/>
        <property key="extra-include-directories"
                  value="..;../../../../Microchip/Include"/>
        <property key="enable-ow" value="true"/>
        <property key="verbose" value="false"/>
        <property key="enable-ou" value="true"/>
        <property key="enable-ot" value="true"/>
        <property key="enable-os" value="true"/>
        <property key="data-model" value="oa-"/>
        <property key="enable-or" value="true"/>
        <property key="enable-op" value="true"/>
        <property key="enable-on" value="true"/>
        <property key="enable-om" value="true"/>
        <property key="procedural-abstraction-passes" value="0"/>
        <property key="enable-multi-bank-stack-model" value="false"/>
        <property key="enable-int-promotion" value="false"/>
        <property key="enable-od" value="true"/>
        <property key="enable-ob" value="true"/>
      </C18>
      <C18-AS>
      </C18-AS>
      <C18-LD>
      </C18-LD>
      <C18LanguageToolchain>
      </C18LanguageToolchain>
      <RealICEPlatformTool>
        <property key="memories.eeprom" value="false"/>
        <property key="debugoptions.useswbreakpoints" value="false"/>
        <property key="AutoSelectMemRanges" value="auto"/>
        <property key="memories.programmemory.start" value="0x0"/>
        <property key="programoptions.usehighvoltageonmclr" value="false"/>
        <property key="memories.id" value="false"/>
        <property key="memories.programmemory.end" value="0x7fff"/>
        <property key="Freeze Peripherals" value="true"/>
        <property key="memories.programmemory" value="true"/>
        <property key="programoptions.eraseb4program" value="true"/>
      </RealICEPlatformTool>
    </conf>
    <conf name="PIC18F46J50_PIM" type="2">
      <toolsSet>
        <developmentServer>localhost</developmentServer>
        <targetDevice>PIC18F46J50</targetDevice>
        <targetHeader></targetHeader>
        <platformTool>RealICEPlatformTool</platformTool>
        <languageToolchain>C18</languageToolchain>
        <languageToolchainVersion></languageToolchainVersion>
        <platform>3</platform>
      </toolsSet>
      <compileType>
        <linkerTool>
          <linkerLibItems>
          </linkerLibItems>
        </linkerTool>
      </compileType>
      <item path="../../../../Microchip/Common/uart2.c" ex="true" overriding="false">
        <C18>
        </C18>
        <C18-AS>
        </C18-AS>
        <C18-LD>
        </C18-LD>
        <C18LanguageToolchain>
        </C18LanguageToolchain>
      </item>
      <item path="../rm18F14K50.lkr" ex="true" overriding="false">
        <C18>
        </C18>
        <C18-AS>
        </C18-AS>
        <C18-LD>
        </C18-LD>
        <C18LanguageToolchain>
        </C18LanguageToolchain>
      </item>
      <item path="../rm18f4550 - HID Bootload.lkr" ex="true" overriding="false">
        <C18>
        </C18>
        <C18-AS>
        </C18-AS>
        <C18-LD>
        </C18-LD>
        <C18LanguageToolchain>
        </C18LanguageToolchain>
      </item>
      <item path="../rm18f47j53_g.lkr" ex="true" overriding="false">
        <C18>
        </C18>
        <C18-AS>
        </C18-AS>
        <C18-LD>
        </C18-LD>
        <C18LanguageToolchain>
        </C18LanguageToolchain>
      </item>
      <item path="../rm18f87j50.lkr" ex="true" overriding="false">
        <C18>
        </C18>
        <C18-AS>
        </C18-AS>
        <C18-LD>
        </C18-LD>
        <C18LanguageToolchain>
        </C18LanguageToolchain>
      </item>
      <C18>
        <property key="storage-class" value="sca"/>
        <property key="enable-opa" value="true"/>
        <property key="enable-all-optimizations" value="true"/>
        <property key="preprocessor-macros" value=""/>
        <property key="default-char-unsigned" value="false"/>
        <property key="optimization-master" value="Enable all"/>
        <property key="code-model" value="ms"/>
        <property key="warning-level" value="2"/>
        <property key="extra-include-directories"
                  value="..;../../../../Microchip/Include"/>
        <property key="enable-ow" value="true"/>
        <property key="verbose" value="false"/>
        <property key="enable-ou" value="true"/>
        <property key="enable-ot" value="true"/>
        <property key="enable-os" value="true"/>
        <property key="data-model" value="oa-"/>
        <property key="enable-or" value="true"/>
        <property key="enable-op" value="true"/>
        <property key="enable-on" value="true"/>
        <property key="enable-om" value="true"/>
        <property key="procedural-abstraction-passes" value="0"/>
        <property key="enable-multi-bank-stack-model" value="false"/>
        <property key="enable-int-promotion" value="false"/>
        <property key="enable-od" value="true"/>
        <property key="enable-ob" value="true"/>
      </C18>
      <C18-AS>
      </C18-AS>
      <C18-LD>
        <property key="generate-hex" value="false"/>
        <property key="hex-output-format" value="INHX32"/>
        <property key="map-file" value=""/>
        <property key="generate-cod" value="false"/>
        <property key="extra-lib-directories" value=""/>
      </C18-LD>
      <C18LanguageToolchain>
      </C18LanguageToolchain>
      <RealICEPlatformTool>
      </RealICEPlatformTool>
    </conf>
    <conf name="PIC18F47J53_PIM" type="2">
      <toolsSet>
        <developmentServer>localhost</developmentServer>
        <targetDevice>PIC18F47J53</targetDevice>
        <targetHeader></targetHeader>
        <platformTool>RealICEPlatformTool</platformTool>
        <languageToolchain>C18</languageToolchain>
        <languageToolchainVersion></languageToolchainVersion>
        <platform>3</platform>
      </toolsSet>
      <compileType>
        <linkerTool>
          <linkerLibItems>
          </linkerLibItems>
        </linkerTool>
      </compileType>
      <item path="../../../../Microchip/Common/uart2.c" ex="true" overriding="false">
        <C18>
        </C18>
        <C18-AS>
        </C18-AS>
        <C18-LD>
        </C18-LD>
        <C18LanguageToolchain>
        </C18LanguageToolchain>
      </item>
      <item path="../rm18F14K50.lkr" ex="true" overriding="false">
        <C18>
        </C18>
        <C18-AS>
        </C18-AS>
        <C18-LD>
        </C18-LD>
        <C18LanguageToolchain>
        </C18LanguageToolchain>
      </item>
      <item path="../rm18f4550 - HID Bootload.lkr" ex="true" overriding="false">
        <C18>
        </C18>
        <C18-AS>
        </C18-AS>
        <C18-LD>
        </C18-LD>
        <C18LanguageToolchain>
        </C18LanguageToolchain>
      </item>
      <item path="../rm18f46j50_g.lkr" ex="true" overriding="false">
        <C18>
        </C18>
        <C18-AS>
        </C18-AS>
        <C18-LD>
        </C18-LD>
        <C18LanguageToolchain>
        </C18LanguageToolchain>
      </item>
      <item path="../rm18f87j50.lkr" ex="true" overriding="false">
        <C18>
        </C18>
        <C18-AS>
        </C18-AS>
        <C18-LD>
        </C18-LD>
        <C18LanguageToolchain>
        </C18LanguageToolchain>
      </item>
      <C18>
        <property key="storage-class" value="sca"/>
        <property key="enable-opa" value="true"/>
        <property key="enable-all-optimizations" value="true"/>
        <property key="preprocessor-macros" value=""/>
        <property key="default-char-unsigned" value="false"/>
        <property key="optimization-master" value="Enable all"/>
        <property key="code-model" value="ms"/>
        <property key="warning-level" value="2"/>
        <property key="extra-include-directories"
                  value="..;../../../../Microchip/Include"/>
        <property key="enable-ow" value="true"/>
        <property key="verbose" value="false"/>
        <property key="enable-ou" value="true"/>
        <property key="enable-ot" value="true"/>
        <property key="enable-os" value="true"/>
        <property key="data-model" value="oa-"/>
        <property key="enable-or" value="true"/>
        <property key="enable-op" value="true"/>
        <property key="enable-on" value="true"/>
        <property key="enable-om" value="true"/>
        <property key="procedural-abstraction-passes" value="0"/>
        <property key="enable-multi-bank-stack-model" value="false"/>
        <property key="enable-int-promotion" value="false"/>
        <property key="enable-od" value="true"/>
        <property key="enable-ob" value="true"/>
      </C18>
      <C18-AS>
      </C18-AS>
      <C18-LD>
      </C18-LD>
      <C18LanguageToolchain>
      </C18LanguageToolchain>
      <RealICEPlatformTool>
      </RealICEPlatformTool>
    </conf>
    <conf name="PIC18F87J50_PIM" type="2">
      <toolsSet>
        <developmentServer>localhost</developmentServer>
        <targetDevice>PIC18F87J50</targetDevice>
        <targetHeader></targetHeader>
        <platformTool>RealICEPlatformTool</platformTool>
        <languageToolchain>C18</languageToolchain>
        <languageToolchainVersion></languageToolchainVersion>
        <platform>3</platform>
      </toolsSet>
      <compileType>
        <linkerTool>
          <linkerLibItems>
          </linkerLibItems>
        </linkerTool>
      </compileType>
      <item path="../../../../Microchip/Common/uart2.c" ex="true" overriding="false">
        <C18>
        </C18>
        <C18-AS>
        </C18-AS>
        <C18-LD>
        </C18-LD>
        <C18LanguageToolchain>
        </C18LanguageToolchain>
      </item>
      <item path="../rm18F14K50.lkr" ex="true" overriding="false">
        <C18>
        </C18>
        <C18-AS>
        </C18-AS>
        <C18-LD>
        </C18-LD>
        <C18LanguageToolchain>
        </C18LanguageToolchain>
      </item>
      <item path="../rm18f4550 - HID Bootload.lkr" ex="true" overriding="false">
        <C18>
        </C18>
        <C18-AS>
        </C18-AS>
        <C18-LD>
        </C18-LD>
        <C18LanguageToolchain>
        </C18LanguageToolchain>
      </item>
      <item path="../rm18f46j50_g.lkr" ex="true" overriding="false">
        <C18>
        </C18>
        <C18-AS>
        </C18-AS>
        <C18-LD>
        </C18-LD>
        <C18LanguageToolchain>
        </C18LanguageToolchain>
      </item>
      <item path="../rm18f47j53_g.lkr" ex="true" overriding="false">
        <C18>
        </C18>
        <C18-AS>
        </C18-AS>
        <C18-LD>
        </C18-LD>
        <C18LanguageToolchain>
        </C18LanguageToolchain>
      </item>
      <C18>
        <property key="storage-class" value="sca"/>
        <property key="enable-opa" value="true"/>
        <property key="enable-all-optimizations" value="true"/>
        <property key="preprocessor-macros" value=""/>
        <property key="default-char-unsigned" value="false"/>
        <property key="optimization-master" value="Enable all"/>
        <property key="code-model" value="ms"/>
        <property key="warning-level" value="2"/>
        <property key="extra-include-directories"
                  value="..;../../../../Microchip/Include"/>
        <property key="enable-ow" value="true"/>
        <property key="verbose" value="false"/>
        <property key="enable-ou" value="true"/>
        <property key="enable-ot" value="true"/>
        <property key="enable-os" value="true"/>
        <property key="data-model" value="oa-"/>
        <property key="enable-or" value="true"/>
        <property key="enable-op" value="true"/>
        <property key="enable-on" value="true"/>
        <property key="enable-om" value="true"/>
        <property key="procedural-abstraction-passes" value="0"/>
        <property key="enable-multi-bank-stack-model" value="false"/>
        <property key="enable-int-promotion" value="false"/>
        <property key="enable-od" value="true"/>
        <property key="enable-ob" value="true"/>
      </C18>
      <C18-AS>
      </C18-AS>
      <C18-LD>
      </C18-LD>
      <C18LanguageToolchain>
      </C18LanguageToolchain>
      <RealICEPlatformTool>
      </RealICEPlatformTool>
    </conf>
    <conf name="PIC24FJ64GB004_PIM" type="2">
      <toolsSet>
        <developmentServer>localhost</developmentServer>
        <targetDevice>PIC24FJ64GB004</targetDevice>
        <targetHeader></targetHeader>
        <platformTool>RealICEPlatformTool</platformTool>
        <languageToolchain>C30</languageToolchain>
        <languageToolchainVersion>3.25</languageToolchainVersion>
        <platform>3</platform>
      </toolsSet>
      <compileType>
        <linkerTool>
          <linkerLibItems>
          </linkerLibItems>
        </linkerTool>
      </compileType>
      <item path="../rm18F14K50.lkr" ex="true" overriding="false">
      </item>
      <item path="../rm18f4550 - HID Bootload.lkr" ex="true" overriding="false">
      </item>
      <item path="../rm18f46j50_g.lkr" ex="true" overriding="false">
      </item>
      <item path="../rm18f47j53_g.lkr" ex="true" overriding="false">
      </item>
      <item path="../rm18f87j50.lkr" ex="true" overriding="false">
      </item>
      <C30>
        <property key="scalar-model" value="default"/>
        <property key="extra-include-directories"
                  value="..;../../../../Microchip/Include"/>
        <property key="preprocessor-macros" value=""/>
        <property key="data-model" value="default"/>
        <property key="enable-all-warnings" value="false"/>
        <property key="pre-instruction-scheduling" value="default"/>
        <property key="enable-short-double" value="false"/>
        <property key="enable-procedural-abstraction" value="false"/>
        <property key="optimization-level" value="0"/>
        <property key="enable-ansi-warnings" value="false"/>
        <property key="enable-fatal-warnings" value="false"/>
        <property key="post-instruction-scheduling" value="default"/>
        <property key="enable-omit-frame-pointer" value="false"/>
        <property key="enable-ansi-std" value="false"/>
        <property key="enable-unroll-loops" value="false"/>
        <property key="const-model" value="default"/>
        <property key="code-model" value="default"/>
      </C30>
      <C30-LD>
      </C30-LD>
      <C30Global>
      </C30Global>
    </conf>
    <conf name="PIC24FJ256GB110_PIM" type="2">
      <toolsSet>
        <developmentServer>localhost</developmentServer>
        <targetDevice>PIC24FJ256GB110</targetDevice>
        <targetHeader></targetHeader>
        <platformTool>RealICEPlatformTool</platformTool>
        <languageToolchain>C30</languageToolchain>
        <languageToolchainVersion></languageToolchainVersion>
        <platform>3</platform>
      </toolsSet>
      <compileType>
        <linkerTool>
          <linkerLibItems>
          </linkerLibItems>
        </linkerTool>
      </compileType>
      <item path="../rm18F14K50.lkr" ex="true" overriding="false">
        <C30>
        </C30>
        <C30-AS>
        </C30-AS>
        <C30-LD>
        </C30-LD>
        <C30Global>
        </C30Global>
      </item>
      <item path="../rm18f4550 - HID Bootload.lkr" ex="true" overriding="false">
        <C30>
        </C30>
        <C30-AS>
        </C30-AS>
        <C30-LD>
        </C30-LD>
        <C30Global>
        </C30Global>
      </item>
      <item path="../rm18f46j50_g.lkr" ex="true" overriding="false">
        <C30>
        </C30>
        <C30-AS>
        </C30-AS>
        <C30-LD>
        </C30-LD>
        <C30Global>
        </C30Global>
      </item>
      <item path="../rm18f47j53_g.lkr" ex="true" overriding="false">
        <C30>
        </C30>
        <C30-AS>
        </C30-AS>
        <C30-LD>
        </C30-LD>
        <C30Global>
        </C30Global>
      </item>
      <item path="../rm18f87j50.lkr" ex="true" overriding="false">
        <C30>
        </C30>
        <C30-AS>
        </C30-AS>
        <C30-LD>
        </C30-LD>
        <C30Global>
        </C30Global>
      </item>
      <C30>
        <property key="scalar-model" value="default"/>
        <property key="extra-include-directories"
                  value="..;../../../../Microchip/Include"/>
        <property key="preprocessor-macros" value=""/>
        <property key="data-model" value="default"/>
        <property key="enable-all-warnings" value="false"/>
        <property key="pre-instruction-scheduling" value="default"/>
        <property key="enable-short-double" value="true"/>
        <property key="enable-ansi-warnings" value="false"/>
        <property key="optimization-level" value="0"/>
        <property key="enable-procedural-abstraction" value="false"/>
        <property key="enable-fatal-warnings" value="false"/>
        <property key="post-instruction-scheduling" value="default"/>
        <property key="enable-omit-frame-pointer" value="false"/>
        <property key="enable-ansi-std" value="false"/>
        <property key="enable-unroll-loops" value="false"/>
        <property key="const-model" value="default"/>
        <property key="code-model" value="default"/>
      </C30>
      <C30-AS>
      </C30-AS>
      <C30-LD>
      </C30-LD>
      <C30Global>
      </C30Global>
      <RealICEPlatformTool>
      </RealICEPlatformTool>
    </conf>
    <conf name="PIC24FJ256GB210_PIM" type="2">
      <toolsSet>
        <developmentServer>localhost</developmentServer>
        <targetDevice>PIC24FJ256GB210</targetDevice>
        <targetHeader></targetHeader>
        <platformTool>RealICEPlatformTool</platformTool>
        <languageToolchain>C30</languageToolchain>
        <languageToolchainVersion></languageToolchainVersion>
        <platform>3</platform>
      </toolsSet>
      <compileType>
        <linkerTool>
          <linkerLibItems>
          </linkerLibItems>
        </linkerTool>
      </compileType>
      <item path="../rm18F14K50.lkr" ex="true" overriding="false">
        <C30>
        </C30>
        <C30-AS>
        </C30-AS>
        <C30-LD>
        </C30-LD>
        <C30Global>
        </C30Global>
      </item>
      <item path="../rm18f4550 - HID Bootload.lkr" ex="true" overriding="false">
        <C30>
        </C30>
        <C30-AS>
        </C30-AS>
        <C30-LD>
        </C30-LD>
        <C30Global>
        </C30Global>
      </item>
      <item path="../rm18f46j50_g.lkr" ex="true" overriding="false">
        <C30>
        </C30>
        <C30-AS>
        </C30-AS>
        <C30-LD>
        </C30-LD>
        <C30Global>
        </C30Global>
      </item>
      <item path="../rm18f47j53_g.lkr" ex="true" overriding="false">
        <C30>
        </C30>
        <C30-AS>
        </C30-AS>
        <C30-LD>
        </C30-LD>
        <C30Global>
        </C30Global>
      </item>
      <item path="../rm18f87j50.lkr" ex="true" overriding="false">
        <C30>
        </C30>
        <C30-AS>
        </C30-AS>
        <C30-LD>
        </C30-LD>
        <C30Global>
        </C30Global>
      </item>
      <C30>
        <property key="scalar-model" value="default"/>
        <property key="extra-include-directories"
                  value="..;../../../../Microchip/Include"/>
        <property key="preprocessor-macros" value=""/>
        <property key="data-model" value="default"/>
        <property key="enable-all-warnings" value="false"/>
        <property key="pre-instruction-scheduling" value="default"/>
        <property key="enable-short-double" value="true"/>
        <property key="enable-ansi-warnings" value="false"/>
        <property key="optimization-level" value="0"/>
        <property key="enable-procedural-abstraction" value="false"/>
        <property key="enable-fatal-warnings" value="false"/>
        <property key="post-instruction-scheduling" value="default"/>
        <property key="enable-omit-frame-pointer" value="false"/>
        <property key="enable-ansi-std" value="false"/>
        <property key="enable-unroll-loops" value="false"/>
        <property key="const-model" value="default"/>
        <property key="code-model" value="default"/>
      </C30>
      <C30-AS>
      </C30-AS>
      <C30-LD>
      </C30-LD>
      <C30Global>
      </C30Global>
      <RealICEPlatformTool>
      </RealICEPlatformTool>
    </conf>
    <conf name="PIC24FJ256DA210_PIM" type="2">
      <toolsSet>
        <developmentServer>localhost</developmentServer>
        <targetDevice>PIC24FJ256DA210</targetDevice>
        <targetHeader></targetHeader>
        <platformTool>RealICEPlatformTool</platformTool>
        <languageToolchain>C30</languageToolchain>
        <languageToolchainVersion></languageToolchainVersion>
        <platform>3</platform>
      </toolsSet>
      <compileType>
        <linkerTool>
          <linkerLibItems>
          </linkerLibItems>
        </linkerTool>
      </compileType>
      <item path="../rm18F14K50.lkr" ex="true" overriding="false">
        <C30>
        </C30>
        <C30-AS>
        </C30-AS>
        <C30-LD>
        </C30-LD>
        <C30Global>
        </C30Global>
      </item>
      <item path="../rm18f4550 - HID Bootload.lkr" ex="true" overriding="false">
        <C30>
        </C30>
        <C30-AS>
        </C30-AS>
        <C30-LD>
        </C30-LD>
        <C30Global>
        </C30Global>
      </item>
      <item path="../rm18f46j50_g.lkr" ex="true" overriding="false">
        <C30>
        </C30>
        <C30-AS>
        </C30-AS>
        <C30-LD>
        </C30-LD>
        <C30Global>
        </C30Global>
      </item>
      <item path="../rm18f47j53_g.lkr" ex="true" overriding="false">
        <C30>
        </C30>
        <C30-AS>
        </C30-AS>
        <C30-LD>
        </C30-LD>
        <C30Global>
        </C30Global>
      </item>
      <item path="../rm18f87j50.lkr" ex="true" overriding="false">
        <C30>
        </C30>
        <C30-AS>
        </C30-AS>
        <C30-LD>
        </C30-LD>
        <C30Global>
        </C30Global>
      </item>
      <C30>
        <property key="scalar-model" value="default"/>
        <property key="extra-include-directories"
                  value="..;../../../../Microchip/Include"/>
        <property key="preprocessor-macros" value=""/>
        <property key="data-model" value="default"/>
        <property key="enable-all-warnings" value="false"/>
        <property key="pre-instruction-scheduling" value="default"/>
        <property key="enable-short-double" value="true"/>
        <property key="enable-ansi-warnings" value="false"/>
        <property key="optimization-level" value="0"/>
        <property key="enable-procedural-abstraction" value="false"/>
        <property key="enable-fatal-warnings" value="false"/>
        <property key="post-instruction-scheduling" value="default"/>
        <property key="enable-omit-frame-pointer" value="false"/>
        <property key="enable-ansi-std" value="false"/>
        <property key="enable-unroll-loops" value="false"/>
        <property key="const-model" value="default"/>
        <property key="code-model" value="default"/>
      </C30>
      <C30-AS>
      </C30-AS>
      <C30-LD>
      </C30-LD>
      <C30Global>
      </C30Global>
      <RealICEPlatformTool>
      </RealICEPlatformTool>
    </conf>
    <conf name="PIC32MX460F512L_PIM" type="2">
      <toolsSet>
        <developmentServer>localhost</developmentServer>
        <targetDevice>PIC32MX460F512L</targetDevice>
        <targetHeader></targetHeader>
        <platformTool>RealICEPlatformTool</platformTool>
        <languageToolchain>C32</languageToolchain>
        <languageToolchainVersion></languageToolchainVersion>
        <platform>3</platform>
      </toolsSet>
      <compileType>
        <linkerTool>
          <linkerLibItems>
          </linkerLibItems>
        </linkerTool>
      </compileType>
      <item path="../rm18F14K50.lkr" ex="true" overriding="false">
        <C32>
        </C32>
        <C32-AS>
        </C32-AS>
        <C32-LD>
        </C32-LD>
        <C32Global>
        </C32Global>
      </item>
      <item path="../rm18f4550 - HID Bootload.lkr" ex="true" overriding="false">
        <C32>
        </C32>
        <C32-AS>
        </C32-AS>
        <C32-LD>
        </C32-LD>
        <C32Global>
        </C32Global>
      </item>
      <item path="../rm18f46j50_g.lkr" ex="true" overriding="false">
        <C32>
        </C32>
        <C32-AS>
        </C32-AS>
        <C32-LD>
        </C32-LD>
        <C32Global>
        </C32Global>
      </item>
      <item path="../rm18f47j53_g.lkr" ex="true" overriding="false">
        <C32>
        </C32>
        <C32-AS>
        </C32-AS>
        <C32-LD>
        </C32-LD>
        <C32Global>
        </C32Global>
      </item>
      <item path="../rm18f87j50.lkr" ex="true" overriding="false">
        <C32>
        </C32>
        <C32-AS>
        </C32-AS>
        <C32-LD>
        </C32-LD>
        <C32Global>
        </C32Global>
      </item>
      <C32>
        <property key="extra-include-directories"
                  value="..;../../../../Microchip/Include"/>
        <property key="additional-warnings" value="false"/>
        <property key="preprocessor-macros" value="PIC32MX460F512L_PIM"/>
        <property key="exclude-floating-point" value="false"/>
        <property key="make-warnings-into-errors" value="false"/>
        <property key="pre-instruction-scheduling" value="default"/>
        <property key="use-indirect-calls" value="false"/>
        <property key="strict-ansi" value="false"/>
        <property key="support-ansi" value="false"/>
        <property key="optimization-level" value=""/>
        <property key="place-data-into-section" value="false"/>
        <property key="post-instruction-scheduling" value="default"/>
        <property key="enable-omit-frame-pointer" value="false"/>
        <property key="enable-unroll-loops" value="false"/>
        <property key="generate-16-bit-code" value="false"/>
        <property key="isolate-each-function" value="false"/>
      </C32>
      <C32-AS>
      </C32-AS>
      <C32-LD>
      </C32-LD>
      <C32Global>
      </C32Global>
      <RealICEPlatformTool>
      </RealICEPlatformTool>
    </conf>
    <conf name="PIC32MX795F512L_PIM" type="2">
      <toolsSet>
        <developmentServer>localhost</developmentServer>
        <targetDevice>PIC32MX795F512L</targetDevice>
        <targetHeader></targetHeader>
        <platformTool>RealICEPlatformTool</platformTool>
        <languageToolchain>C32</languageToolchain>
        <languageToolchainVersion></languageToolchainVersion>
        <platform>3</platform>
      </toolsSet>
      <compileType>
        <linkerTool>
          <linkerLibItems>
          </linkerLibItems>
        </linkerTool>
      </compileType>
      <item path="../rm18F14K50.lkr" ex="true" overriding="false">
        <C32>
        </C32>
        <C32-AS>
        </C32-AS>
        <C32-LD>
        </C32-LD>
        <C32Global>
        </C32Global>
      </item>
      <item path="../rm18f4550 - HID Bootload.lkr" ex="true" overriding="false">
        <C32>
        </C32>
        <C32-AS>
        </C32-AS>
        <C32-LD>
        </C32-LD>
        <C32Global>
        </C32Global>
      </item>
      <item path="../rm18f46j50_g.lkr" ex="true" overriding="false">
        <C32>
        </C32>
        <C32-AS>
        </C32-AS>
        <C32-LD>
        </C32-LD>
        <C32Global>
        </C32Global>
      </item>
      <item path="../rm18f47j53_g.lkr" ex="true" overriding="false">
        <C32>
        </C32>
        <C32-AS>
        </C32-AS>
        <C32-LD>
        </C32-LD>
        <C32Global>
        </C32Global>
      </item>
      <item path="../rm18f87j50.lkr" ex="true" overriding="false">
        <C32>
        </C32>
        <C32-AS>
        </C32-AS>
        <C32-LD>
        </C32-LD>
        <C32Global>
        </C32Global>
      </item>
      <C32>
        <property key="extra-include-directories"
                  value="..;../../../../Microchip/Include"/>
        <property key="additional-warnings" value="false"/>
        <property key="preprocessor-macros" value="PIC32MX795F512L_PIM"/>
        <property key="exclude-floating-point" value="false"/>
        <property key="make-warnings-into-errors" value="false"/>
        <property key="pre-instruction-scheduling" value="default"/>
        <property key="use-indirect-calls" value="false"/>
        <property key="strict-ansi" value="false"/>
        <property key="support-ansi" value="false"/>
        <property key="optimization-level" value=""/>
        <property key="place-data-into-section" value="false"/>
        <property key="post-instruction-scheduling" value="default"/>
        <property key="enable-omit-frame-pointer" value="false"/>
        <property key="enable-unroll-loops" value="false"/>
        <property key="generate-16-bit-code" value="false"/>
        <property key="isolate-each-function" value="false"/>
      </C32>
      <C32-AS>
      </C32-AS>
      <C32-LD>
      </C32-LD>
      <C32Global>
      </C32Global>
      <RealICEPlatformTool>
      </RealICEPlatformTool>
    </conf>
  </confs>
</configurationDescriptor>
